YJL206C	YDR167W	YDR166C	YGL262W	YHL008C
1.0679719	0.9217333	0.1225007	0.9815080	0.0152709
