YJL206C	YDR167W	YDR166C	YGL262W	YHL008C
0.7402741	0.7260587	0.0926247	0.8006106	0.0075645
