YJL206C	YDR167W	YDR166C	YGL262W	YHL008C
1.0000000	0.9997142	0.1338494	0.9999987	0.0131298
