YJL206C	YDR167W	YDR166C	YGL262W	YHL008C
0.8222756	0.8067239	0.1293159	0.6922516	0.0063144
