YJL206C	YDR167W	YDR166C	YGL262W	YHL008C
1.0706427	1.0199546	0.1241154	1.0316067	0.0142785
